"EventID","MachineName","Data","Index","Category","CategoryNumber","EntryType","Message","Source","ReplacementStrings","InstanceId","TimeGenerated","TimeWritten","UserName","Site","Container"
"7040","DESKTOP-2HM4GE2","System.Byte[]","1196","(0)","0","Information","The start type of the Background Intelligent Transfer Service service was changed from auto start to demand start.","Service Control Manager","System.String[]","1073748864","11/6/2023 12:10:40 PM","11/6/2023 12:10:40 PM","NT AUTHORITY\SYSTEM",,
"7040","DESKTOP-2HM4GE2","System.Byte[]","1195","(0)","0","Information","The start type of the Background Intelligent Transfer Service service was changed from demand start to auto start.","Service Control Manager","System.String[]","1073748864","11/6/2023 12:07:17 PM","11/6/2023 12:07:17 PM","NT AUTHORITY\SYSTEM",,
"7040","DESKTOP-2HM4GE2","System.Byte[]","1194","(0)","0","Information","The start type of the Background Intelligent Transfer Service service was changed from auto start to demand start.","Service Control Manager","System.String[]","1073748864","11/6/2023 12:04:02 PM","11/6/2023 12:04:02 PM","NT AUTHORITY\SYSTEM",,
"7040","DESKTOP-2HM4GE2","System.Byte[]","1193","(0)","0","Information","The start type of the Background Intelligent Transfer Service service was changed from demand start to auto start.","Service Control Manager","System.String[]","1073748864","11/6/2023 12:01:45 PM","11/6/2023 12:01:45 PM","NT AUTHORITY\SYSTEM",,
"6013","DESKTOP-2HM4GE2","System.Byte[]","1192","(0)","0","Information","The system uptime is 16165 seconds.","EventLog","System.String[]","2147489661","11/6/2023 12:00:00 PM","11/6/2023 12:00:00 PM",,,
"16","DESKTOP-2HM4GE2","System.Byte[]","1191","(0)","0","Information","The description for Event ID '16' in Source 'Microsoft-Windows-Kernel-General' cannot be found.  The local computer may not have the necessary registry information or message DLL files to display the message, or you may not have permission to access them.  The following information is part of the event:'35', '\SystemRoot\System32\config\DRIVERS', '6', '5'","Microsoft-Windows-Kernel-General","System.String[]","16","11/6/2023 11:52:42 AM","11/6/2023 11:52:42 AM","NT AUTHORITY\SYSTEM",,
"16","DESKTOP-2HM4GE2","System.Byte[]","1190","(0)","0","Information","The description for Event ID '16' in Source 'Microsoft-Windows-Kernel-General' cannot be found.  The local computer may not have the necessary registry information or message DLL files to display the message, or you may not have permission to access them.  The following information is part of the event:'45', '\??\C:\Windows\AppCompat\Programs\Amcache.hve', '11', '2'","Microsoft-Windows-Kernel-General","System.String[]","16","11/6/2023 11:52:41 AM","11/6/2023 11:52:41 AM","NT AUTHORITY\SYSTEM",,
"7040","DESKTOP-2HM4GE2","System.Byte[]","1189","(0)","0","Information","The start type of the Background Intelligent Transfer Service service was changed from auto start to demand start.","Service Control Manager","System.String[]","1073748864","11/6/2023 11:42:23 AM","11/6/2023 11:42:23 AM","NT AUTHORITY\SYSTEM",,
"52","DESKTOP-2HM4GE2","System.Byte[]","1188","(0)","0","Warning","The time service has set the time with offset 633448 seconds.","Microsoft-Windows-Time-Service","System.String[]","52","11/6/2023 11:40:19 AM","11/6/2023 11:40:19 AM","NT AUTHORITY\LOCAL SERVICE",,
"1","DESKTOP-2HM4GE2","System.Byte[]","1187","(5)","5","Information","Possible detection of CVE: 2023-11-06T16:40:19.031000000Z
Additional Information: 2023-11-14T00:37:47.279888700Z

This Event is generated when an attempt to exploit a known vulnerability (2023-11-06T16:40:19.031000000Z) is detected.
This Event is raised by a User mode process.
","Microsoft-Windows-Kernel-General","System.String[]","1","11/6/2023 11:40:19 AM","11/6/2023 11:40:19 AM","NT AUTHORITY\LOCAL SERVICE",,
"34","DESKTOP-2HM4GE2","System.Byte[]","1186","(0)","0","Error","The time service has detected that the system time needs to be  changed by 0 seconds. The time service will not change the system time by more than 54000 seconds. Verify that your time and time zone are correct, and that the time source time.windows.com,0x9 (ntp.m|0x9|0.0.0.0:123->168.61.215.74:123) is working properly.","Microsoft-Windows-Time-Service","System.String[]","34","11/13/2023 7:37:47 PM","11/13/2023 7:37:47 PM","NT AUTHORITY\LOCAL SERVICE",,
"37","DESKTOP-2HM4GE2","System.Byte[]","1185","(0)","0","Information","The time provider NtpClient is currently receiving valid time data from time.windows.com,0x9 (ntp.m|0x9|0.0.0.0:123->168.61.215.74:123).","Microsoft-Windows-Time-Service","System.String[]","37","11/13/2023 7:37:47 PM","11/13/2023 7:37:47 PM","NT AUTHORITY\LOCAL SERVICE",,
"134","DESKTOP-2HM4GE2","System.Byte[]","1184","(0)","0","Warning","NtpClient was unable to set a manual peer to use as a time source because of DNS resolution error on 'time.windows.com,0x9'. NtpClient will try again in 15 minutes and double the reattempt interval thereafter. The error was: No such host is known. (0x80072AF9)","Microsoft-Windows-Time-Service","System.String[]","134","11/13/2023 7:37:38 PM","11/13/2023 7:37:38 PM","NT AUTHORITY\LOCAL SERVICE",,
"134","DESKTOP-2HM4GE2","System.Byte[]","1183","(0)","0","Warning","NtpClient was unable to set a manual peer to use as a time source because of DNS resolution error on 'time.windows.com,0x9'. NtpClient will try again in 15 minutes and double the reattempt interval thereafter. The error was: No such host is known. (0x80072AF9)","Microsoft-Windows-Time-Service","System.String[]","134","11/13/2023 7:37:29 PM","11/13/2023 7:37:29 PM","NT AUTHORITY\LOCAL SERVICE",,
"16","DESKTOP-2HM4GE2","System.Byte[]","1182","(0)","0","Information","The description for Event ID '16' in Source 'Microsoft-Windows-Kernel-General' cannot be found.  The local computer may not have the necessary registry information or message DLL files to display the message, or you may not have permission to access them.  The following information is part of the event:'35', '\SystemRoot\System32\config\DRIVERS', '6', '5'","Microsoft-Windows-Kernel-General","System.String[]","16","11/13/2023 7:24:23 PM","11/13/2023 7:24:23 PM","NT AUTHORITY\SYSTEM",,
