"EventID","MachineName","Data","Index","Category","CategoryNumber","EntryType","Message","Source","ReplacementStrings","InstanceId","TimeGenerated","TimeWritten","UserName","Site","Container"
"4798","DESKTOP-2HM4GE2","System.Byte[]","9625","(13824)","13824","SuccessAudit","A user's local group membership was enumerated.

Subject:
	Security ID:		S-1-5-21-3863397605-1953937540-3866875583-1002
	Account Name:		champuser
	Account Domain:		DESKTOP-2HM4GE2
	Logon ID:		0x5d6dc

User:
	Security ID:		S-1-5-21-3863397605-1953937540-3866875583-504
	Account Name:		WDAGUtilityAccount
	Account Domain:		DESKTOP-2HM4GE2

Process Information:
	Process ID:		0xba8
	Process Name:		C:\Windows\System32\wbem\WmiPrvSE.exe","Microsoft-Windows-Security-Auditing","System.String[]","4798","11/6/2023 12:35:30 PM","11/6/2023 12:35:30 PM",,,
"4798","DESKTOP-2HM4GE2","System.Byte[]","9624","(13824)","13824","SuccessAudit","A user's local group membership was enumerated.

Subject:
	Security ID:		S-1-5-21-3863397605-1953937540-3866875583-1002
	Account Name:		champuser
	Account Domain:		DESKTOP-2HM4GE2
	Logon ID:		0x5d6dc

User:
	Security ID:		S-1-5-21-3863397605-1953937540-3866875583-501
	Account Name:		Guest
	Account Domain:		DESKTOP-2HM4GE2

Process Information:
	Process ID:		0xba8
	Process Name:		C:\Windows\System32\wbem\WmiPrvSE.exe","Microsoft-Windows-Security-Auditing","System.String[]","4798","11/6/2023 12:35:30 PM","11/6/2023 12:35:30 PM",,,
"4798","DESKTOP-2HM4GE2","System.Byte[]","9623","(13824)","13824","SuccessAudit","A user's local group membership was enumerated.

Subject:
	Security ID:		S-1-5-21-3863397605-1953937540-3866875583-1002
	Account Name:		champuser
	Account Domain:		DESKTOP-2HM4GE2
	Logon ID:		0x5d6dc

User:
	Security ID:		S-1-5-21-3863397605-1953937540-3866875583-503
	Account Name:		DefaultAccount
	Account Domain:		DESKTOP-2HM4GE2

Process Information:
	Process ID:		0xba8
	Process Name:		C:\Windows\System32\wbem\WmiPrvSE.exe","Microsoft-Windows-Security-Auditing","System.String[]","4798","11/6/2023 12:35:30 PM","11/6/2023 12:35:30 PM",,,
"4798","DESKTOP-2HM4GE2","System.Byte[]","9622","(13824)","13824","SuccessAudit","A user's local group membership was enumerated.

Subject:
	Security ID:		S-1-5-21-3863397605-1953937540-3866875583-1002
	Account Name:		champuser
	Account Domain:		DESKTOP-2HM4GE2
	Logon ID:		0x5d6dc

User:
	Security ID:		S-1-5-21-3863397605-1953937540-3866875583-1002
	Account Name:		champuser
	Account Domain:		DESKTOP-2HM4GE2

Process Information:
	Process ID:		0xba8
	Process Name:		C:\Windows\System32\wbem\WmiPrvSE.exe","Microsoft-Windows-Security-Auditing","System.String[]","4798","11/6/2023 12:35:30 PM","11/6/2023 12:35:30 PM",,,
"4798","DESKTOP-2HM4GE2","System.Byte[]","9621","(13824)","13824","SuccessAudit","A user's local group membership was enumerated.

Subject:
	Security ID:		S-1-5-21-3863397605-1953937540-3866875583-1002
	Account Name:		champuser
	Account Domain:		DESKTOP-2HM4GE2
	Logon ID:		0x5d6dc

User:
	Security ID:		S-1-5-21-3863397605-1953937540-3866875583-500
	Account Name:		Administrator
	Account Domain:		DESKTOP-2HM4GE2

Process Information:
	Process ID:		0xba8
	Process Name:		C:\Windows\System32\wbem\WmiPrvSE.exe","Microsoft-Windows-Security-Auditing","System.String[]","4798","11/6/2023 12:35:30 PM","11/6/2023 12:35:30 PM",,,
"4798","DESKTOP-2HM4GE2","System.Byte[]","9620","(13824)","13824","SuccessAudit","A user's local group membership was enumerated.

Subject:
	Security ID:		S-1-5-21-3863397605-1953937540-3866875583-1002
	Account Name:		champuser
	Account Domain:		DESKTOP-2HM4GE2
	Logon ID:		0x5d713

User:
	Security ID:		S-1-5-21-3863397605-1953937540-3866875583-1002
	Account Name:		champuser
	Account Domain:		DESKTOP-2HM4GE2

Process Information:
	Process ID:		0x123c
	Process Name:		C:\Windows\explorer.exe","Microsoft-Windows-Security-Auditing","System.String[]","4798","11/6/2023 12:32:32 PM","11/6/2023 12:32:32 PM",,,
"4798","DESKTOP-2HM4GE2","System.Byte[]","9619","(13824)","13824","SuccessAudit","A user's local group membership was enumerated.

Subject:
	Security ID:		S-1-5-21-3863397605-1953937540-3866875583-1002
	Account Name:		champuser
	Account Domain:		DESKTOP-2HM4GE2
	Logon ID:		0x5d6dc

User:
	Security ID:		S-1-5-21-3863397605-1953937540-3866875583-504
	Account Name:		WDAGUtilityAccount
	Account Domain:		DESKTOP-2HM4GE2

Process Information:
	Process ID:		0xba8
	Process Name:		C:\Windows\System32\wbem\WmiPrvSE.exe","Microsoft-Windows-Security-Auditing","System.String[]","4798","11/6/2023 12:32:06 PM","11/6/2023 12:32:06 PM",,,
"4798","DESKTOP-2HM4GE2","System.Byte[]","9618","(13824)","13824","SuccessAudit","A user's local group membership was enumerated.

Subject:
	Security ID:		S-1-5-21-3863397605-1953937540-3866875583-1002
	Account Name:		champuser
	Account Domain:		DESKTOP-2HM4GE2
	Logon ID:		0x5d6dc

User:
	Security ID:		S-1-5-21-3863397605-1953937540-3866875583-501
	Account Name:		Guest
	Account Domain:		DESKTOP-2HM4GE2

Process Information:
	Process ID:		0xba8
	Process Name:		C:\Windows\System32\wbem\WmiPrvSE.exe","Microsoft-Windows-Security-Auditing","System.String[]","4798","11/6/2023 12:32:06 PM","11/6/2023 12:32:06 PM",,,
"4798","DESKTOP-2HM4GE2","System.Byte[]","9617","(13824)","13824","SuccessAudit","A user's local group membership was enumerated.

Subject:
	Security ID:		S-1-5-21-3863397605-1953937540-3866875583-1002
	Account Name:		champuser
	Account Domain:		DESKTOP-2HM4GE2
	Logon ID:		0x5d6dc

User:
	Security ID:		S-1-5-21-3863397605-1953937540-3866875583-503
	Account Name:		DefaultAccount
	Account Domain:		DESKTOP-2HM4GE2

Process Information:
	Process ID:		0xba8
	Process Name:		C:\Windows\System32\wbem\WmiPrvSE.exe","Microsoft-Windows-Security-Auditing","System.String[]","4798","11/6/2023 12:32:06 PM","11/6/2023 12:32:06 PM",,,
"4798","DESKTOP-2HM4GE2","System.Byte[]","9616","(13824)","13824","SuccessAudit","A user's local group membership was enumerated.

Subject:
	Security ID:		S-1-5-21-3863397605-1953937540-3866875583-1002
	Account Name:		champuser
	Account Domain:		DESKTOP-2HM4GE2
	Logon ID:		0x5d6dc

User:
	Security ID:		S-1-5-21-3863397605-1953937540-3866875583-1002
	Account Name:		champuser
	Account Domain:		DESKTOP-2HM4GE2

Process Information:
	Process ID:		0xba8
	Process Name:		C:\Windows\System32\wbem\WmiPrvSE.exe","Microsoft-Windows-Security-Auditing","System.String[]","4798","11/6/2023 12:32:06 PM","11/6/2023 12:32:06 PM",,,
"4798","DESKTOP-2HM4GE2","System.Byte[]","9615","(13824)","13824","SuccessAudit","A user's local group membership was enumerated.

Subject:
	Security ID:		S-1-5-21-3863397605-1953937540-3866875583-1002
	Account Name:		champuser
	Account Domain:		DESKTOP-2HM4GE2
	Logon ID:		0x5d6dc

User:
	Security ID:		S-1-5-21-3863397605-1953937540-3866875583-500
	Account Name:		Administrator
	Account Domain:		DESKTOP-2HM4GE2

Process Information:
	Process ID:		0xba8
	Process Name:		C:\Windows\System32\wbem\WmiPrvSE.exe","Microsoft-Windows-Security-Auditing","System.String[]","4798","11/6/2023 12:32:06 PM","11/6/2023 12:32:06 PM",,,
"4798","DESKTOP-2HM4GE2","System.Byte[]","9614","(13824)","13824","SuccessAudit","A user's local group membership was enumerated.

Subject:
	Security ID:		S-1-5-21-3863397605-1953937540-3866875583-1002
	Account Name:		champuser
	Account Domain:		DESKTOP-2HM4GE2
	Logon ID:		0x5d6dc

User:
	Security ID:		S-1-5-21-3863397605-1953937540-3866875583-504
	Account Name:		WDAGUtilityAccount
	Account Domain:		DESKTOP-2HM4GE2

Process Information:
	Process ID:		0xba8
	Process Name:		C:\Windows\System32\wbem\WmiPrvSE.exe","Microsoft-Windows-Security-Auditing","System.String[]","4798","11/6/2023 12:28:43 PM","11/6/2023 12:28:43 PM",,,
"4798","DESKTOP-2HM4GE2","System.Byte[]","9613","(13824)","13824","SuccessAudit","A user's local group membership was enumerated.

Subject:
	Security ID:		S-1-5-21-3863397605-1953937540-3866875583-1002
	Account Name:		champuser
	Account Domain:		DESKTOP-2HM4GE2
	Logon ID:		0x5d6dc

User:
	Security ID:		S-1-5-21-3863397605-1953937540-3866875583-501
	Account Name:		Guest
	Account Domain:		DESKTOP-2HM4GE2

Process Information:
	Process ID:		0xba8
	Process Name:		C:\Windows\System32\wbem\WmiPrvSE.exe","Microsoft-Windows-Security-Auditing","System.String[]","4798","11/6/2023 12:28:43 PM","11/6/2023 12:28:43 PM",,,
"4798","DESKTOP-2HM4GE2","System.Byte[]","9612","(13824)","13824","SuccessAudit","A user's local group membership was enumerated.

Subject:
	Security ID:		S-1-5-21-3863397605-1953937540-3866875583-1002
	Account Name:		champuser
	Account Domain:		DESKTOP-2HM4GE2
	Logon ID:		0x5d6dc

User:
	Security ID:		S-1-5-21-3863397605-1953937540-3866875583-503
	Account Name:		DefaultAccount
	Account Domain:		DESKTOP-2HM4GE2

Process Information:
	Process ID:		0xba8
	Process Name:		C:\Windows\System32\wbem\WmiPrvSE.exe","Microsoft-Windows-Security-Auditing","System.String[]","4798","11/6/2023 12:28:43 PM","11/6/2023 12:28:43 PM",,,
"4798","DESKTOP-2HM4GE2","System.Byte[]","9611","(13824)","13824","SuccessAudit","A user's local group membership was enumerated.

Subject:
	Security ID:		S-1-5-21-3863397605-1953937540-3866875583-1002
	Account Name:		champuser
	Account Domain:		DESKTOP-2HM4GE2
	Logon ID:		0x5d6dc

User:
	Security ID:		S-1-5-21-3863397605-1953937540-3866875583-1002
	Account Name:		champuser
	Account Domain:		DESKTOP-2HM4GE2

Process Information:
	Process ID:		0xba8
	Process Name:		C:\Windows\System32\wbem\WmiPrvSE.exe","Microsoft-Windows-Security-Auditing","System.String[]","4798","11/6/2023 12:28:43 PM","11/6/2023 12:28:43 PM",,,
